{
  "project_info": {
    "project_number": "720477480343",
    "project_id": "el-kadah-rachid-projet-3ea43",
    "storage_bucket": "el-kadah-rachid-projet-3ea43.appspot.com"
  },
  "client": [
    {
      "client_info": {
        "mobilesdk_app_id": "1:720477480343:android:c6c50dc7def15ca5e410d2",
        "android_client_info": {
          "package_name": "com.example.el_kadah_rachid_projet"
        }
      },
      "oauth_client": [],
      "api_key": [
        {
          "current_key": "AIzaSyCg2kI7Bm9Hn4y-D9Sx9fSvjXswxkcJeW8"
        }
      ],
      "services": {
        "appinvite_service": {
          "other_platform_oauth_client": []
        }
      }
    },
    {
      "client_info": {
        "mobilesdk_app_id": "1:720477480343:android:40e8ccf4e586f84de410d2",
        "android_client_info": {
          "package_name": "com.example.el_kadah_rachid_projet_vfinal"
        }
      },
      "oauth_client": [],
      "api_key": [
        {
          "current_key": "AIzaSyCg2kI7Bm9Hn4y-D9Sx9fSvjXswxkcJeW8"
        }
      ],
      "services": {
        "appinvite_service": {
          "other_platform_oauth_client": []
        }
      }
    }
  ],
  "configuration_version": "1"
}